Authors,;Title,;Year;DOI;Link;QUIEN;FOREST_SI_NO;ESTADISTICO_SI_NO;METHODOLOGY_1;FOREST_RESPONSE_1;PARAMETER;
"Garcia-Barreda S.; Valeriano C.; Camarero J.J.,";Drought constrains acorn production and tree growth in the Mediterranean holm oak and triggers weak legacy effects,;2023;10.1016/j.agrformet.2023.109435;https://www.scopus.com/inward/record.uri?eid=2-s2.0-85150857482&doi=10.1016%2fj.agrformet.2023.109435&partnerID=40&md5=6197b0648fc743c815ba64f9799e2ddf;Xavi;SI;SI ;Dendrochronology;Tree growth;Observed-predicted;
"Garcia-Barreda S.; Valeriano C.; Camarero J.J.,";Drought constrains acorn production and tree growth in the Mediterranean holm oak and triggers weak legacy effects,;2023;10.1016/j.agrformet.2023.109435;https://www.scopus.com/inward/record.uri?eid=2-s2.0-85150857482&doi=10.1016%2fj.agrformet.2023.109435&partnerID=40&md5=6197b0648fc743c815ba64f9799e2ddf;Xavi;SI;SI ;Field study;Demography;Observed-predicted;
"Friedrichs D.A.; Bntgen U.; Frank D.C.; Esper J.; Neuwirth B.; Loffler J.,";Complex climate controls on 20th century oak growth in Central-West Germany,;2009;10.1093/treephys/tpn003;https://www.scopus.com/inward/record.uri?eid=2-s2.0-63049108590&doi=10.1093%2ftreephys%2ftpn003&partnerID=40&md5=0a84d66cd845c01364b4f58bc6eb1edf;Xavi;SI;SI;Dendrochronology;Tree growth;Moving correlation;
"Gea-Izquierdo G.; Cherubini P.; Cañellas I.,";Tree-rings reflect the impact of climate change on Quercus ilex L. along a temperature gradient in Spain over the last 100years,;2011;10.1016/j.foreco.2011.07.025;https://www.scopus.com/inward/record.uri?eid=2-s2.0-80052724790&doi=10.1016%2fj.foreco.2011.07.025&partnerID=40&md5=39dce42c90e0849a62ad0cc5a68abf16;Xavi;SI;SI;Dendrochronology;Tree growth;Moving correlation;
"Anderegg W.R.L.; Schwalm C.; Biondi F.; Camarero J.J.; Koch G.; Litvak M.; Ogle K.; Shaw J.D.; Shevliakova E.; Williams A.P.; Wolf A.; Ziaco E.; Pacala S.,";Pervasive drought legacies in forest ecosystems and their implications for carbon cycle models,;2015;10.1126/science.aab1833;https://www.scopus.com/inward/record.uri?eid=2-s2.0-84939793139&doi=10.1126%2fscience.aab1833&partnerID=40&md5=64376b4f3665b3301deebee0862feb22;Julen;SI;SI;Dendrochronology;Tree growth;Observed-predicted;
Andersen D.C.,;Climate, streamflow, and legacy effects on growth of riparian Populus angustifolia in the arid San Luis Valley, Colorado,;2016;10.1016/j.jaridenv.2016.07.005;https://www.scopus.com/inward/record.uri?eid=2-s2.0-84979650469&doi=10.1016%2fj.jaridenv.2016.07.005&partnerID=40&md5=6f3110ff879a8d593e3da1bbb4b4d627;Xavi;SI ;SI;Dendrochronology;Tree growth;Periods-Years-Interaction;
"Carnicer J.; Domingo-Marimon C.; Ninyerola M.; Camarero J.J.; Bastos A.; López-Parages J.; Blanquer L.; Rodríguez-Fonseca B.; Lenton T.M.; Dakos V.; Ribas M.; Gutiérrez E.; Peñuelas J.; Pons X.,";Regime shifts of Mediterranean forest carbon uptake and reduced resilience driven by multidecadal ocean surface temperatures,;2019;10.1111/gcb.14664;https://www.scopus.com/inward/record.uri?eid=2-s2.0-85067514111&doi=10.1111%2fgcb.14664&partnerID=40&md5=1bc72296d5c86bfcd46a271ffec108da;Julen;SI;SI;Dendrochronology;Tree growth;Periods-Years-Interaction;
"Casas-Gómez P.; Sánchez-Salguero R.; Ribera P.; Linares J.C.,";Contrasting signals of the westerly index and north atlantic oscillation over the drought sensitivity of tree-ring chronologies from the mediterranean basin,;2020;10.3390/atmos11060644;https://www.scopus.com/inward/record.uri?eid=2-s2.0-85086996858&doi=10.3390%2fatmos11060644&partnerID=40&md5=0adb974edb03dd72db83ac1081add21c;Cesar;SI;SI;Dendrochronology;Tree growth;Moving correlation;
"Gazol A.; Camarero J.J.; Sánchez-Salguero R.; Vicente-Serrano S.M.; Serra-Maluquer X.; Gutiérrez E.; de Luis M.; Sangüesa-Barreda G.; Novak K.; Rozas V.; Tíscar P.A.; Linares J.C.; Martínez del Castillo E.; Ribas M.; García-González I.; Silla F.; Camisón Á.; Génova M.; Olano J.M.; Here? A.-M.; Curiel Yuste J.; Longares L.A.; Hevia A.; Tomas-Burguera M.; Galván J.D.,";Drought legacies are short, prevail in dry conifer forests and depend on growth variability,;2020;10.1111/1365-2745.13435;https://www.scopus.com/inward/record.uri?eid=2-s2.0-85087156375&doi=10.1111%2f1365-2745.13435&partnerID=40&md5=46c12c1827876d651e432ee8a90b2aef;Cesar;SI;SI;Dendrochronology;Tree growth;Observed-predicted;
"Gazol A.; Camarero J.J.; Sánchez-Salguero R.; Vicente-Serrano S.M.; Serra-Maluquer X.; Gutiérrez E.; de Luis M.; Sangüesa-Barreda G.; Novak K.; Rozas V.; Tíscar P.A.; Linares J.C.; Martínez del Castillo E.; Ribas M.; García-González I.; Silla F.; Camisón Á.; Génova M.; Olano J.M.; Here? A.-M.; Curiel Yuste J.; Longares L.A.; Hevia A.; Tomas-Burguera M.; Galván J.D.,";Drought legacies are short, prevail in dry conifer forests and depend on growth variability,;2020;10.1111/1365-2745.13435;https://www.scopus.com/inward/record.uri?eid=2-s2.0-85087156375&doi=10.1111%2f1365-2745.13435&partnerID=40&md5=46c12c1827876d651e432ee8a90b2aef;Cesar;SI;SI;Remote sensing;Vegetation activity;Observed-predicted;
"Moreau G.; Achim A.; Pothier D.,";An accumulation of climatic stress events has led to years of reduced growth for sugar maple in southern Quebec, Canada,;2020;10.1002/ecs2.3183;https://www.scopus.com/inward/record.uri?eid=2-s2.0-85088819352&doi=10.1002%2fecs2.3183&partnerID=40&md5=b9cac99d271236e70595576d37a5da92;Cesar;SI;SI;Dendrochronology;Tree growth;Moving correlation;
"Gao S.; Zhou T.; Yi C.; Shi P.; Fang W.; Liu R.; Liang E.; Julio Camarero J.,";Asymmetric impacts of dryness and wetness on tree growth and forest coverage,;2020;10.1016/j.agrformet.2020.107980;https://www.scopus.com/inward/record.uri?eid=2-s2.0-85081997850&doi=10.1016%2fj.agrformet.2020.107980&partnerID=40&md5=a08aef1caca600677a076add42cde2af;Cesar;SI;SI;Dendrochronology;Tree growth;Periods-Years-Interaction;
"Rukh S.; Poschenrieder W.; Heym M.; Pretzsch H.,";Drought resistance of Norway spruce (Picea abies [L.] Karst) and european beech (Fagus sylvatica [L.]) in mixed vs. monospecific stands and on dry vs. wet sites. from evidence at the tree level to relevance at the stand level,;2020;10.3390/F11060639;https://www.scopus.com/inward/record.uri?eid=2-s2.0-85087510254&doi=10.3390%2fF11060639&partnerID=40&md5=66e3ad95cb7358e2c820e6969b0cc2e9;Cesar;SI;SI;Dendrochronology;Tree growth;Periods-Years-Interaction;
"Au T.F.; Maxwell J.T.; Novick K.A.; Robeson S.M.; Warner S.M.; Lockwood B.R.; Phillips R.P.; Harley G.L.; Telewski F.W.; Therrell M.D.; Pederson N.,";Demographic shifts in eastern US forests increase the impact of late-season drought on forest growth,;2020;10.1111/ecog.05055;https://www.scopus.com/inward/record.uri?eid=2-s2.0-85087813188&doi=10.1111%2fecog.05055&partnerID=40&md5=e8b771b126b296e44fa2942f8db48954;Julen;SI;SI;Dendrochronology;Tree growth;Observed-predicted;
"Matisons R.; Elferts D.; Kriš?ns O.; Schneck V.; Gärtner H.; Bast A.; Wojda T.; Kowalczyk J.; Jansons ?.,";Non-linear regional weather-growth relationships indicate limited adaptability of the eastern Baltic Scots pine,;2021;10.1016/j.foreco.2020.118600;https://www.scopus.com/inward/record.uri?eid=2-s2.0-85091256679&doi=10.1016%2fj.foreco.2020.118600&partnerID=40&md5=036d627cd64cbe8305d1e2e007a2bf1f;Cesar;SI;SI;Dendrochronology;Tree growth;Moving correlation;
"Matisons R.; Elferts D.; Kriš?ns O.; Schneck V.; Gärtner H.; Wojda T.; Kowalczyk J.; Jansons ?.,";Nonlinear weather–growth relationships suggest disproportional growth changes of norway spruce in the eastern baltic region,;2021;10.3390/f12060661;https://www.scopus.com/inward/record.uri?eid=2-s2.0-85107313399&doi=10.3390%2ff12060661&partnerID=40&md5=f266ca26d33b2c299b7cdf14635d60b8;Cesar;SI;SI;Dendrochronology;Tree growth;Moving correlation;
"Jiao L.; Chen K.; Liu X.; Qi C.; Xue R.,";Comparison of the response stability of Siberian larch to climate change in the Altai and Tianshan,;2021;10.1016/j.ecolind.2021.107823;https://www.scopus.com/inward/record.uri?eid=2-s2.0-85107038859&doi=10.1016%2fj.ecolind.2021.107823&partnerID=40&md5=a0afc9a9cf8c76dd29bbe8fd9458909d;Cesar;SI;SI;Dendrochronology;Tree growth;Moving correlation;
"Stolz J.; van der Maaten E.; Kalanke H.; Martin J.; Wilmking M.; van der Maaten-Theunissen M.,";Increasing climate sensitivity of beech and pine is not mediated by adaptation and soil characteristics along a precipitation gradient in northeastern Germany,;2021;10.1016/j.dendro.2021.125834;https://www.scopus.com/inward/record.uri?eid=2-s2.0-85104335607&doi=10.1016%2fj.dendro.2021.125834&partnerID=40&md5=d4525e6b5bac6a19cb493387ab5960a3;Cesar;SI;SI;Dendrochronology;Tree growth;Periods-Years-Interaction;
"Carnicer J.; Vives-Ingla M.; Blanquer L.; Méndez-Camps X.; Rosell C.; Sabaté S.; Gutiérrez E.; Sauras T.; Peñuelas J.; Barbeta A.,";Forest resilience to global warming is strongly modulated by local-scale topographic, microclimatic and biotic conditions,;2021;10.1111/1365-2745.13752;https://www.scopus.com/inward/record.uri?eid=2-s2.0-85114142927&doi=10.1111%2f1365-2745.13752&partnerID=40&md5=2af87dbac0491ce7fbe6a66929908393;Cesar;SI;SI;Dendrochronology;Tree growth;Periods-Years-Interaction;
"Klisz M.; Jevšenak J.; Prokopuk Y.; Gil W.; Mohytych V.; Pucha?ka R.,";Coping with Central European climate – xylem adjustment in seven non-native conifer tree species,;2022;10.12657/denbio.088.008;https://www.scopus.com/inward/record.uri?eid=2-s2.0-85145180119&doi=10.12657%2fdenbio.088.008&partnerID=40&md5=7480e34de4adf5d2019cb270b8512fa2;Paloma;SI;SI;Dendrochronology;Tree growth;Moving correlation;
"Wang B.; Chen T.; Xu G.; Wu G.; Liu G.,";Management can mitigate drought legacy effects on the growth of a moisture-sensitive conifer tree species,;2023;10.1016/j.foreco.2023.121196;https://www.scopus.com/inward/record.uri?eid=2-s2.0-85162132632&doi=10.1016%2fj.foreco.2023.121196&partnerID=40&md5=0b99a5a8277b436c1f43d7efff5fa356;Xavi;SI;SI;Dendrochronology;Tree growth;Observed-predicted;
"Hirsch F.; Schneider A.; van der Maaten-Theunissen M.; van der Maaten E.; Räbiger C.; Raab A.; Raab T.,";Soil properties and tree growth at medieval ridge and furrow sites in Brandenburg, northeastern Germany,;2023;10.1002/jpln.202200345;https://www.scopus.com/inward/record.uri?eid=2-s2.0-85159066989&doi=10.1002%2fjpln.202200345&partnerID=40&md5=b087b02be27593f0946d22e773185eaf;Xavi;SI;SI;Dendrochronology;Tree growth;Periods-Years-Interaction;
"Cui J.; Li Z.; Sun Y.; Zhao S.; Zhu Q.; Shen J.,";Daily variations in radial growth of Pinus massoniana trunk and its response to precipitation,;2023;10.5004/dwt.2023.30034;https://www.scopus.com/inward/record.uri?eid=2-s2.0-85197178807&doi=10.5004%2fdwt.2023.30034&partnerID=40&md5=f822fe985576bc7edbc51254de491fdf;Xavi;SI ;SI;Dendrochronology;Tree growth;Periods-Years-Interaction;
"Dudney J.; Latimer A.M.; van Mantgem P.; Zald H.; Willing C.E.; Nesmith J.C.B.; Cribbs J.; Milano E.,";The energy–water limitation threshold explains divergent drought responses in tree growth, needle length, and stable isotope ratios,;2023;10.1111/gcb.16740;https://www.scopus.com/inward/record.uri?eid=2-s2.0-85159285160&doi=10.1111%2fgcb.16740&partnerID=40&md5=78eb59b4bd5af473fa8e032ca5bbdc0b;Xavi;SI ;SI ;Dendrochronology;Tree growth;Periods-Years-Interaction;
"Wang X.; Jiao L.; Xue R.; Zhang P.; Du D.; Wei M.; Li Q.,";Radial growth in Qinghai spruce is most sensitive to severe drought in the Qilian Mountains of Northwest China,;2024;10.1007/s11676-024-01697-8;https://www.scopus.com/inward/record.uri?eid=2-s2.0-85185131126&doi=10.1007%2fs11676-024-01697-8&partnerID=40&md5=76917df3ba8a066c14d9f89c36fa2728;Xavi;SI;SI;Dendrochronology;Tree growth;Periods-Years-Interaction;
"Liang R.; Wang Y.; Sun Y.; zhu Z.; Li R.,";Effectiveness of thinning in mitigating post-drought legacy effects on Chinese fir in subtropical plantation forests, Southeastern China,;2024;10.1016/j.dendro.2024.126235;https://www.scopus.com/inward/record.uri?eid=2-s2.0-85198752948&doi=10.1016%2fj.dendro.2024.126235&partnerID=40&md5=47a28f26816e833c8e9873ff2dff7120;Xavi;SI;SI;Dendrochronology;Tree growth;Observed-predicted;
"Zheng J.; Yang J.; Jia H.; Lyu L.; Langzhen J.; Zhang Q.-B.,";Changes of growth-climate relationships of Smith fir forests along an altitudinal gradient,;2024;10.1007/s11676-024-01731-9;https://www.scopus.com/inward/record.uri?eid=2-s2.0-85189931478&doi=10.1007%2fs11676-024-01731-9&partnerID=40&md5=f0c4a3ae548e84632e472d62ffb5dfa6;Xavi;SI;SI;Dendrochronology;Tree growth;Moving correlation;
"Leifsson C.; Buras A.; Klesse S.; Baittinger C.; Bat-Enerel B.; Battipaglia G.; Biondi F.; Staji? B.; Budeanu M.; ?ada V.; Cavin L.; Claessens H.; ?ufar K.; de Luis M.; Dorado-Liñán I.; Dulamsuren C.; Garamszegi B.; Grabner M.; Hacket-Pain A.; Hansen J.K.; Hartl C.; Huang W.; Janda P.; Jump A.S.; Kazimirovi? M.; Knutzen F.; Kreyling J.; Land A.; Latte N.; Lebourgeois F.; Leuschner C.; Longares L.A.; Martinez del Castillo E.; Menzel A.; Motta R.; Muffler-Weigel L.; Nola P.; Panayatov M.; Petritan A.M.; Petritan I.C.; Popa I.; Roibu C.-C.; Rubio-Cuadrado Á.; Rydval M.; Scharnweber T.; Camarero J.J.; Svoboda M.; Toromani E.; Trotsiuk V.; van der Maaten-Theunissen M.; van der Maaten E.; Weigel R.; Wilmking M.; Zlatanov T.; Rammig A.; Zang C.S.,";Identifying drivers of non-stationary climate-growth relationships of European beech,;2024;10.1016/j.scitotenv.2024.173321;https://www.scopus.com/inward/record.uri?eid=2-s2.0-85194328755&doi=10.1016%2fj.scitotenv.2024.173321&partnerID=40&md5=975004e081e2308359c6fadb716962c4;Xavi;SI;SI;Dendrochronology;Tree growth;Moving correlation;
"Fernández-Blas C.; Ruiz-Benito P.; Gazol A.; Granda E.; Samblás E.; Granado-Díaz I.; Zavala M.A.; Valeriano C.; Camarero J.J.,";Historical forest use constrains tree growth responses to drought: A case study on tapped maritime pine (Pinus pinaster),;2024;10.1016/j.tfp.2024.100699;https://www.scopus.com/inward/record.uri?eid=2-s2.0-85205506173&doi=10.1016%2fj.tfp.2024.100699&partnerID=40&md5=3383d3b8c31a3130ec2749b4db6ef611;Xavi;SI;SI;Dendrochronology;Tree growth;Moving correlation;
"Bose A.K.; Doležal J.; Scherrer D.; Altman J.; Ziche D.; Martínez-Sancho E.; Bigler C.; Bolte A.; Colangelo M.; Dorado-Liñán I.; Drobyshev I.; Etzold S.; Fonti P.; Gessler A.; Kolá? T.; Ko?asová E.; Korznikov K.A.; Lebourgeois F.; Lucas-Borja M.E.; Menzel A.; Neuwirth B.; Nicolas M.; Omelko A.M.; Pederson N.; Petritan A.M.; Rigling A.; Rybní?ek M.; Scharnweber T.; Schröder J.; Silla F.; Sochová I.; Sohar K.; Ukhvatkina O.N.; Vozmishcheva A.S.; Zweifel R.; Camarero J.J.,";Revealing legacy effects of extreme droughts on tree growth of oaks across the Northern Hemisphere,;2024;10.1016/j.scitotenv.2024.172049;https://www.scopus.com/inward/record.uri?eid=2-s2.0-85189695399&doi=10.1016%2fj.scitotenv.2024.172049&partnerID=40&md5=4650335bccdf7b14d20064b1d34fbd0a;Xavi;SI;SI;Dendrochronology;Tree growth;Observed-predicted;
"Italiano S.S.P.; Camarero J.J.; Borghetti M.; Colangelo M.; Rita A.; Ripullone F.,";Drought legacies in mixed Mediterranean forests: Analysing the effects of structural overshoot, functional traits and site factors,;2024;10.1016/j.scitotenv.2024.172166;https://www.scopus.com/inward/record.uri?eid=2-s2.0-85190273479&doi=10.1016%2fj.scitotenv.2024.172166&partnerID=40&md5=2def9201d8fab97681159f461df1f7bf;Xavi;SI;SI ;Dendrochronology;Tree growth;Observed-predicted;
"Wan Y.; Yu P.; Wang Y.; Li J.; Bai Y.; Yu Y.; Liu B.; Wei X.,";More tree growth reduction due to consecutive drought and its legacy effect for a semiarid larch plantation in Northwest China,;2024;10.1007/s11676-023-01691-6;https://www.scopus.com/inward/record.uri?eid=2-s2.0-85182956390&doi=10.1007%2fs11676-023-01691-6&partnerID=40&md5=d40308f863d345b0e523c71069c02b0c;Xavi;SI;SI ;Dendrochronology;Tree growth;Observed-predicted;
"Du M.; Xu C.; Wang A.; Lv P.; Xu Z.; Zhang X.,";Different drought recovery strategy between Larix spp. and Quercus mongolica in temperate forests,;2024;10.1016/j.scitotenv.2024.173521;https://www.scopus.com/inward/record.uri?eid=2-s2.0-85194393695&doi=10.1016%2fj.scitotenv.2024.173521&partnerID=40&md5=3ee82848b2a705d1e941b95838ea0395;Xavi;SI;SI ;Dendrochronology;Tree growth;Observed-predicted;
"González de Andrés E.; Rosas T.; Camarero J.J.; Martínez-Vilalta J.,";The intraspecific variation of functional traits modulates drought resilience of European beech and pubescent oak,;2021;10.1111/1365-2745.13743;https://www.scopus.com/inward/record.uri?eid=2-s2.0-85112618423&doi=10.1111%2f1365-2745.13743&partnerID=40&md5=8469e3639afbf9fbadadf5031b88cc2e;Paloma;SI;SI;Dendrochronology;Tree growth;Periods-Years-Interaction;
"Du D.; Jiao L.; Chen K.; Liu X.; Qi C.; Xue R.; Wu X.,";Response stability of radial growth of Chinese pine to climate change at different altitudes on the southern edge of the Tengger Desert,;2022;10.1016/j.gecco.2022.e02091;https://www.scopus.com/inward/record.uri?eid=2-s2.0-85126971886&doi=10.1016%2fj.gecco.2022.e02091&partnerID=40&md5=cd7719c17286125809cbac23ea25bbba;Paloma;SI;SI;Dendrochronology;Tree growth;Moving correlation;
"Dulamsuren C.; Bat-Enerel B.; Meyer P.; Leuschner C.,";Did stand opening 60 years ago predispose a European beech population to death?,;2022;10.1016/j.tfp.2022.100265;https://www.scopus.com/inward/record.uri?eid=2-s2.0-85129078169&doi=10.1016%2fj.tfp.2022.100265&partnerID=40&md5=553c9cf8438cf616d8d0cfec5a046065;Paloma;SI;SI;Dendrochronology;Tree growth;Moving correlation;
"Leifsson C.; Buras A.; Rammig A.; Zang C.,";Changing climate sensitivity of secondary growth following extreme drought events in forest ecosystems: a global analysis,;2023;10.1088/1748-9326/aca9e5;https://www.scopus.com/inward/record.uri?eid=2-s2.0-85146069989&doi=10.1088%2f1748-9326%2faca9e5&partnerID=40&md5=ff39ce3d016244c85839702d93627369;Paloma;SI;SI;Dendrochronology;Tree growth;Periods-Years-Interaction;
"He R.; Wang X.; Liu T.; Guo L.; Wang B.; Khan A.,";Impact of competition on the growth of Pinus tabulaeformis in response to climate on the Loess Plateau of China,;2022;10.1007/s11258-021-01214-5;https://www.scopus.com/inward/record.uri?eid=2-s2.0-85122956826&doi=10.1007%2fs11258-021-01214-5&partnerID=40&md5=d709cce027b976ad1b4f79774fe604c7;Paloma;SI;SI;Dendrochronology;Tree growth;Other;
"Cao J.; Liu H.; Zhao B.; Peng R.; Liang B.; Anenkhonov O.A.; Korolyuk A.Y.; Sandanov D.V.,";Mixed forest suffered less drought stress than pure forest in southern Siberia,;2022;10.1016/j.agrformet.2022.109137;https://www.scopus.com/inward/record.uri?eid=2-s2.0-85136085286&doi=10.1016%2fj.agrformet.2022.109137&partnerID=40&md5=c0ba710bd2d463daffdd58eec24a9eca;Paloma;SI;SI;Dendrochronology;Tree growth;Observed-predicted;
"Hernández-Alonso H.; Madrigal-González J.; Silla F.,";The ecological scale mediates whether trees experience drought legacies in radial growth,;2023;10.1016/j.fecs.2023.100112;https://www.scopus.com/inward/record.uri?eid=2-s2.0-85153106763&doi=10.1016%2fj.fecs.2023.100112&partnerID=40&md5=9ecef394c998e0e50055ecc2ccdeb340;Paloma;SI;SI;Dendrochronology;Tree growth;Observed-predicted;
"Lévesque M.; Andreu-Hayles L.; D’Arrigo R.; Oelkers R.; Buckley B.M.,";Nonlinear Growth and Physiological Responses of White Spruce at North American Arctic Treeline,;2023;10.1029/2022JG007096;https://www.scopus.com/inward/record.uri?eid=2-s2.0-85153872869&doi=10.1029%2f2022JG007096&partnerID=40&md5=3b10910539d0de382aac7d69e29429db;Paloma;SI;SI;Dendrochronology;Tree growth;Periods-Years-Interaction;
"Peltier D.M.P.; Ogle K.,";Legacies of more frequent drought in ponderosa pine across the western United States,;2019;10.1111/gcb.14720;https://www.scopus.com/inward/record.uri?eid=2-s2.0-85068528577&doi=10.1111%2fgcb.14720&partnerID=40&md5=c213a4f2cac11df7e63097f6af4b57d2;Cesar;SI;SI;Dendrochronology;Tree growth;Other;
"Liu P.; Barr A.G.; Zha T.; Black T.A.; Jassal R.S.; Nesic Z.; Helgason W.D.; Jia X.; Tian Y.,";Re-assessment of the climatic controls on the carbon and water fluxes of a boreal aspen forest over 1996–2016: Changing sensitivity to long-term climatic conditions,;2022;10.1111/gcb.16218;https://www.scopus.com/inward/record.uri?eid=2-s2.0-85129982122&doi=10.1111%2fgcb.16218&partnerID=40&md5=8b71ef449e9542d2b2cdd241c23398f6;Paloma;SI;SI;Eddy covariance;Biomass stocks and fluxes;Moving correlation;Change in forest responses to climate not evaluated
"Pohl F.; Werban U.; Kumar R.; Hildebrandt A.; Rebmann C.,";Observational evidence of legacy effects of the 2018 drought on a mixed deciduous forest in Germany,;2023;10.1038/s41598-023-38087-9;https://www.scopus.com/inward/record.uri?eid=2-s2.0-85163966786&doi=10.1038%2fs41598-023-38087-9&partnerID=40&md5=7de8655e0d7b6b12927d5d0638977758;Xavi;SI;SI;Eddy covariance;Biomass stocks and fluxes;Periods-Years-Interaction;
"Xu S.; Gentine P.; Li L.; Wang L.; Yu Z.; Dong N.; Ju Q.; Zhang Y.,";Response of Ecosystem Productivity to High Vapor Pressure Deficit and Low Soil Moisture: Lessons Learned From the Global Eddy-Covariance Observations,;2023;10.1029/2022EF003252;https://www.scopus.com/inward/record.uri?eid=2-s2.0-85168994411&doi=10.1029%2f2022EF003252&partnerID=40&md5=60a3bf310891209c073edd8f6e0ecf19;Xavi;SI;SI;Eddy covariance;Biomass stocks and fluxes;Periods-Years-Interaction;
"Han L.; Chen Y.; Wang Y.; Sun Y.; Ding Z.; Zhang H.; Tang X.,";Divergent responses of subtropical evergreen and deciduous forest carbon cycles to the summer 2022 drought,;2024;10.1088/1748-9326/ad416e;https://www.scopus.com/inward/record.uri?eid=2-s2.0-85192269206&doi=10.1088%2f1748-9326%2fad416e&partnerID=40&md5=ba29fe93c3936997c92cdd1e65d0ba3f;Xavi;SI;SI;Eddy covariance;Biomass stocks and fluxes;Periods-Years-Interaction;
"Yu X.; Orth R.; Reichstein M.; Bahn M.; Klosterhalfen A.; Knohl A.; Koebsch F.; Migliavacca M.; Mund M.; Nelson J.A.; Stocker B.D.; Walther S.; Bastos A.,";Contrasting drought legacy effects on gross primary productivity in a mixed versus pure beech forest,;2022;10.5194/bg-19-4315-2022;https://www.scopus.com/inward/record.uri?eid=2-s2.0-85140462284&doi=10.5194%2fbg-19-4315-2022&partnerID=40&md5=af355bf5496368abd0a4cde4740e3680;Paloma;SI;SI;Eddy covariance;Biomass stocks and fluxes;Observed-predicted;
"Gómez-Aparicio L.; Pérez-Ramos I.M.; Mendoza I.; Matías L.; Quero J.L.; Castro J.; Zamora R.; Marañón T.,";Oak seedling survival and growth along resource gradients in Mediterranean forests: Implications for regeneration in current and future environmental scenarios,;2008;10.1111/j.1600-0706.2008.16814.x;https://www.scopus.com/inward/record.uri?eid=2-s2.0-55049121857&doi=10.1111%2fj.1600-0706.2008.16814.x&partnerID=40&md5=289359866624095a3c7446c491fea2ed;Xavi;SI;SI;Experimental;Demography;Periods-Years-Interaction;
"Pérez-Ramos I.M.; Rodríguez-Calcerrada J.; Ourcival J.M.; Rambal S.,";Quercus ilex recruitment in a drier world: A multi-stage demographic approach,;2013;10.1016/j.ppees.2012.12.005;https://www.scopus.com/inward/record.uri?eid=2-s2.0-84875527478&doi=10.1016%2fj.ppees.2012.12.005&partnerID=40&md5=642cf9c2aa0ee858da4965d2869f054e;Xavi;SI;SI;Experimental;Demography;Periods-Years-Interaction;
"Oberleitner F.; Hartmann H.; Hasibeder R.; Huang J.; Losso A.; Mayr S.; Oberhuber W.; Wieser G.; Bahn M.,";Amplifying effects of recurrent drought on the dynamics of tree growth and water use in a subalpine forest,;2022;10.1111/pce.14369;https://www.scopus.com/inward/record.uri?eid=2-s2.0-85132714436&doi=10.1111%2fpce.14369&partnerID=40&md5=7af98997e0a19dfc01bb9809ce1da0bb;Xavi;SI ;SI ;Experimental;Physiology;Periods-Years-Interaction;
"Oberleitner F.; Hartmann H.; Hasibeder R.; Huang J.; Losso A.; Mayr S.; Oberhuber W.; Wieser G.; Bahn M.,";Amplifying effects of recurrent drought on the dynamics of tree growth and water use in a subalpine forest,;2022;10.1111/pce.14369;https://www.scopus.com/inward/record.uri?eid=2-s2.0-85132714436&doi=10.1111%2fpce.14369&partnerID=40&md5=7af98997e0a19dfc01bb9809ce1da0bb;Xavi;SI ;SI ;Experimental;Tree growth;Periods-Years-Interaction;
"Laoué J.; Havaux M.; Ksas B.; Orts J.-P.; Reiter I.M.; Fernandez C.; Ormeno E.,";A decade of rain exclusion in a Mediterranean forest reveals trade-offs of leaf chemical defenses and drought legacy effects,;2024;10.1038/s41598-024-71417-z;https://www.scopus.com/inward/record.uri?eid=2-s2.0-85206510039&doi=10.1038%2fs41598-024-71417-z&partnerID=40&md5=0f4a3aabe887100b51b85786225c46f4;Xavi;SI;SI;Experimental;Physiology;Periods-Years-Interaction;
"Knüver T.; Bär A.; Ganthaler A.; Gebhardt T.; Grams T.E.E.; Häberle K.-H.; Hesse B.D.; Losso A.; Tomedi I.; Mayr S.; Beikircher B.,";Recovery after long-term summer drought: Hydraulic measurements reveal legacy effects in trunks of Picea abies but not in Fagus sylvatica,;2022;10.1111/plb.13444;https://www.scopus.com/inward/record.uri?eid=2-s2.0-85133054591&doi=10.1111%2fplb.13444&partnerID=40&md5=7b06af40848c8c7bf0681723f088627a;Paloma;SI;SI;Experimental;Physiology;Periods-Years-Interaction;
"Pacheco A.; Camarero J.J.; Carrer M.,";Shifts of irrigation in Aleppo pine under semi-arid conditions reveal uncoupled growth and carbon storage and legacy effects on wood anatomy,;2018;10.1016/j.agrformet.2018.02.018;https://www.scopus.com/inward/record.uri?eid=2-s2.0-85042476678&doi=10.1016%2fj.agrformet.2018.02.018&partnerID=40&md5=df513704c534d38de512df3d1809ecb1;Julen;SI;SI;Experimental;Tree growth;Periods-Years-Interaction;
"Oliveira de Morais T.M.; Berenguer E.; Barlow J.; França F.; Lennox G.D.; Malhi Y.; Chesini Rossi L.; Maria Moraes de Seixas M.; Ferreira J.,";Leaf-litter production in human-modified Amazonian forests following the El Niño-mediated drought and fires of 2015–2016,;2021;10.1016/j.foreco.2021.119441;https://www.scopus.com/inward/record.uri?eid=2-s2.0-85109170353&doi=10.1016%2fj.foreco.2021.119441&partnerID=40&md5=292bf068ef6408f57f325ea02daa7996;Paloma;SI;SI;Field study;Biomass stocks and fluxes;Periods-Years-Interaction;
"Dalsgaard L.; Mikkelsen T.N.; Bastrup-Birk A.,";Sap flow for beech (Fagus sylvatica L.) in a natural and a managed forest - Effect of spatial heterogeneity,;2011;10.1093/jpe/rtq037;https://www.scopus.com/inward/record.uri?eid=2-s2.0-79952687019&doi=10.1093%2fjpe%2frtq037&partnerID=40&md5=785fbcf7869d9ba05281a33cb7faaebb;Xavi;SI;SI;Field study;Physiology;Periods-Years-Interaction;
"Mclaren K.; Monroe S.; Wilson D.B.,";The Arctic oscillation, climatic variability, and biotic factors influenced seedling dynamics in a Caribbean moist forest,;2016;10.1002/ecy.1448;https://www.scopus.com/inward/record.uri?eid=2-s2.0-84985993395&doi=10.1002%2fecy.1448&partnerID=40&md5=a96cbc5a256731b8d7d7309825f8e2ab;Xavi;SI ;SI;Field study;Demography;Periods-Years-Interaction;
"Mueller R.C.; Scudder C.M.; Whitham T.G.; Gehring C.A.,";Legacy effects of tree mortality mediated by ectomycorrhizal fungal communities,;2019;10.1111/nph.15993;https://www.scopus.com/inward/record.uri?eid=2-s2.0-85068798519&doi=10.1111%2fnph.15993&partnerID=40&md5=03c4d3702a045c1759dadc96f45f2f23;Cesar;SI;SI;Field study;Tree growth;Periods-Years-Interaction;
"Ma J.; Jia X.; Zha T.; Bourque C.P.-A.; Tian Y.; Bai Y.; Liu P.; Yang R.; Li C.; Li C.; Xie J.; Yu H.; Zhang F.; Zhou C.,";Ecosystem water use efficiency in a young plantation in Northern China and its relationship to drought,;2019;10.1016/j.agrformet.2019.05.004;https://www.scopus.com/inward/record.uri?eid=2-s2.0-85065543989&doi=10.1016%2fj.agrformet.2019.05.004&partnerID=40&md5=d47211abcac2c7af1196dc046e451f10;Julen;SI;SI;Eddy covariance;Biomass stocks and fluxes;Periods-Years-Interaction;
"Oogathoo S.; Houle D.; Duchesne L.; Kneeshaw D.,";Vapour pressure deficit and solar radiation are the major drivers of transpiration of balsam fir and black spruce tree species in humid boreal regions, even during a short-term drought,;2020;10.1016/j.agrformet.2020.108063;https://www.scopus.com/inward/record.uri?eid=2-s2.0-85086410200&doi=10.1016%2fj.agrformet.2020.108063&partnerID=40&md5=474fb81bbc448f23d1b874032f249799;Cesar;SI;SI;Field study;Physiology;Periods-Years-Interaction;
"McDowell N.G.; Phillips N.; Lunch C.; Bond B.J.; Ryan M.G.,";An investigation of hydraulic limitation and compensation in large, old Douglas-fir trees,;2002;10.1093/treephys/22.11.763;https://www.scopus.com/inward/record.uri?eid=2-s2.0-0036668175&doi=10.1093%2ftreephys%2f22.11.763&partnerID=40&md5=6a36a2d689fb761440e8bde6a8458e52;Xavi;SI;SI;Field study;Physiology;Periods-Years-Interaction;
"Marchand W.; Buechling A.; Rydval M.; ?ada V.; Stegehuis A.I.; Fruleux A.; Polá?ek M.; Hofmeister J.; Pavlin J.; Ralhan D.; Dušátko M.; Janda P.; Mikoláš M.; Vostarek O.; Ba?e R.; Frankovi? M.; Kozák D.; Roibu C.-C.; Chaskovskyy O.; Mikac S.; Zlatanov T.; Panayotov M.; Diku A.; Toromani E.; Svoboda M.,";Accelerated growth rates of Norway spruce and European beech saplings from Europe's temperate primary forests are related to warmer conditions,;2023;10.1016/j.agrformet.2022.109280;https://www.scopus.com/inward/record.uri?eid=2-s2.0-85145290685&doi=10.1016%2fj.agrformet.2022.109280&partnerID=40&md5=a440f181213065a4a2e667d9f5b36a3a;Paloma;SI;SI;Dendrochronology;Tree growth;Periods-Years-Interaction;
"Chen L.; Hänninen H.; Rossi S.; Smith N.G.; Pau S.; Liu Z.; Feng G.; Gao J.; Liu J.,";Leaf senescence exhibits stronger climatic responses during warm than during cold autumns,;2020;10.1038/s41558-020-0820-2;https://www.scopus.com/inward/record.uri?eid=2-s2.0-85087643833&doi=10.1038%2fs41558-020-0820-2&partnerID=40&md5=cc43b6c8f900c7ffd874a06040f12035;Cesar;SI;SI;Other;Phenology;Periods-Years-Interaction;
"Bastos A.; Orth R.; Reichstein M.; Ciais P.; Viovy N.; Zaehle S.; Anthoni P.; Arneth A.; Gentine P.; Joetzjer E.; Lienert S.; Loughran T.; McGuire P.C.; Sungmin O.; Pongratz J.; Sitch S.,";Vulnerability of European ecosystems to two compound dry and hot summers in 2018 and 2019,;2021;10.5194/esd-12-1015-2021;https://www.scopus.com/inward/record.uri?eid=2-s2.0-85117412433&doi=10.5194%2fesd-12-1015-2021&partnerID=40&md5=e3203cf9736802497cc987fcec0d927a;Paloma;SI;SI;Remote sensing;Vegetation activity;Periods-Years-Interaction;
"D'Odorico P.; Schönbeck L.; Vitali V.; Meusburger K.; Schaub M.; Ginzler C.; Zweifel R.; Velasco V.M.E.; Gisler J.; Gessler A.; Ensminger I.,";Drone-based physiological index reveals long-term acclimation and drought stress responses in trees,;2021;10.1111/pce.14177;https://www.scopus.com/inward/record.uri?eid=2-s2.0-85114770673&doi=10.1111%2fpce.14177&partnerID=40&md5=81c71756da4019ad057aab91b2a69cc1;Xavi;SI ;SI ;Experimental;Vegetation activity;Periods-Years-Interaction;
"Luo H.; Zhou T.; Yu P.; Yi C.; Liu X.; Zhang Y.; Zhou P.; Zhang J.; Xu Y.,";The forest recovery path after drought dependence on forest type and stock volume,;2022;10.1088/1748-9326/ac57e5;https://www.scopus.com/inward/record.uri?eid=2-s2.0-85129643910&doi=10.1088%2f1748-9326%2fac57e5&partnerID=40&md5=094adb4ac8f7fd14f5a06cffa13ed09f;Xavi;SI ;SI;Remote sensing;Vegetation activity;Observed-predicted;
"Dong B.; Yu Y.; Pereira P.,";Non-growing season drought legacy effects on vegetation growth in southwestern China,;2022;10.1016/j.scitotenv.2022.157334;https://www.scopus.com/inward/record.uri?eid=2-s2.0-85134827981&doi=10.1016%2fj.scitotenv.2022.157334&partnerID=40&md5=b2ba55cf11ccc0ccc407f6c6c05e8cd8;Paloma;SI;SI;Remote sensing;Vegetation activity;Observed-predicted;
"Jiao T.; Williams C.A.; De Kauwe M.G.; Medlyn B.E.,";Limited Evidence of Cumulative Effects From Recurrent Droughts in Vegetation Responses to Australia's Millennium Drought,;2023;10.1029/2022JG006818;https://www.scopus.com/inward/record.uri?eid=2-s2.0-85160410309&doi=10.1029%2f2022JG006818&partnerID=40&md5=a12a6f023d85c205398fcf7218e71d59;Xavi;SI;SI;Remote sensing;Vegetation activity;Other;
"Han H.; Jian H.; Liu M.; Lei S.; Yao S.; Yan F.,";Impacts of drought and heat events on vegetative growth in a typical humid zone of the middle and lower reaches of the Yangtze River, China,;2023;10.1016/j.jhydrol.2023.129452;https://www.scopus.com/inward/record.uri?eid=2-s2.0-85151807911&doi=10.1016%2fj.jhydrol.2023.129452&partnerID=40&md5=e045c0e757bbad5e86cee4544daf3291;Xavi;SI;SI;Remote sensing;Vegetation activity;Periods-Years-Interaction;
"Ma D.; Yu Y.; Hui Y.; Kannenberg S.A.,";Compensatory response of ecosystem carbon-water cycling following severe drought in Southwestern China,;2023;10.1016/j.scitotenv.2023.165718;https://www.scopus.com/inward/record.uri?eid=2-s2.0-85165712878&doi=10.1016%2fj.scitotenv.2023.165718&partnerID=40&md5=93efc7ac458ff6256b777a41ef9a3634;Xavi;SI ;SI;Remote sensing;Vegetation activity;Observed-predicted;
"Ding Y.; Zhang L.; He Y.; Cao S.; Gusev A.; Guo Y.; Ran L.; Wei X.; Mikalai F.,";Nonlinear effects of agricultural drought on vegetation productivity in the Yellow River Basin, China,;2024;10.1016/j.scitotenv.2024.174903;https://www.scopus.com/inward/record.uri?eid=2-s2.0-85199315774&doi=10.1016%2fj.scitotenv.2024.174903&partnerID=40&md5=fe2033fdee602840396fe3b05924f110;Xavi;SI ;SI ;Remote sensing;Biomass stocks and fluxes;Other;
"Wu X.; Liu H.; Li X.; Ciais P.; Babst F.; Guo W.; Zhang C.; Magliulo V.; Pavelka M.; Liu S.; Huang Y.; Wang P.; Shi C.; Ma Y.,";Differentiating drought legacy effects on vegetation growth over the temperate Northern Hemisphere,;2018;10.1111/gcb.13920;https://www.scopus.com/inward/record.uri?eid=2-s2.0-85039702189&doi=10.1111%2fgcb.13920&partnerID=40&md5=86310802d8739ad2a5273969decac63a;Julen;SI;SI;Dendrochronology;Tree growth;Observed-predicted;
"Wu X.; Liu H.; Li X.; Ciais P.; Babst F.; Guo W.; Zhang C.; Magliulo V.; Pavelka M.; Liu S.; Huang Y.; Wang P.; Shi C.; Ma Y.,";Differentiating drought legacy effects on vegetation growth over the temperate Northern Hemisphere,;2018;10.1111/gcb.13920;https://www.scopus.com/inward/record.uri?eid=2-s2.0-85039702189&doi=10.1111%2fgcb.13920&partnerID=40&md5=86310802d8739ad2a5273969decac63a;Julen;SI;SI;Remote sensing;Vegetation activity;Observed-predicted;
"Kannenberg S.A.; Novick K.A.; Alexander M.R.; Maxwell J.T.; Moore D.J.P.; Phillips R.P.; Anderegg W.R.L.,";Linking drought legacy effects across scales: From leaves to tree rings to ecosystems,;2019;10.1111/gcb.14710;https://www.scopus.com/inward/record.uri?eid=2-s2.0-85068458678&doi=10.1111%2fgcb.14710&partnerID=40&md5=a1c05ef0b33b91ee2e2fe70ee7cdbd59;Paloma;SI;SI;Field study;Physiology;Observed-predicted;
"Kannenberg S.A.; Novick K.A.; Alexander M.R.; Maxwell J.T.; Moore D.J.P.; Phillips R.P.; Anderegg W.R.L.,";Linking drought legacy effects across scales: From leaves to tree rings to ecosystems,;2019;10.1111/gcb.14710;https://www.scopus.com/inward/record.uri?eid=2-s2.0-85068458678&doi=10.1111%2fgcb.14710&partnerID=40&md5=a1c05ef0b33b91ee2e2fe70ee7cdbd59;Paloma;SI;SI;Remote sensing;Vegetation activity;Observed-predicted;
"Kannenberg S.A.; Novick K.A.; Alexander M.R.; Maxwell J.T.; Moore D.J.P.; Phillips R.P.; Anderegg W.R.L.,";Linking drought legacy effects across scales: From leaves to tree rings to ecosystems,;2019;10.1111/gcb.14710;https://www.scopus.com/inward/record.uri?eid=2-s2.0-85068458678&doi=10.1111%2fgcb.14710&partnerID=40&md5=a1c05ef0b33b91ee2e2fe70ee7cdbd59;Paloma;SI;SI;Eddy covariance;Biomass stocks and fluxes;Observed-predicted;
"Kannenberg S.A.; Novick K.A.; Alexander M.R.; Maxwell J.T.; Moore D.J.P.; Phillips R.P.; Anderegg W.R.L.,";Linking drought legacy effects across scales: From leaves to tree rings to ecosystems,;2019;10.1111/gcb.14710;https://www.scopus.com/inward/record.uri?eid=2-s2.0-85068458678&doi=10.1111%2fgcb.14710&partnerID=40&md5=a1c05ef0b33b91ee2e2fe70ee7cdbd59;Paloma;SI;SI;Dendrochronology;Tree growth;Observed-predicted;
"Klesse S.; Babst F.; Evans M.E.K.; Hurley A.; Pappas C.; Peters R.L.,";Legacy effects in radial tree growth are rarely significant after accounting for biological memory,;2023;10.1111/1365-2745.14045;https://www.scopus.com/inward/record.uri?eid=2-s2.0-85144050807&doi=10.1111%2f1365-2745.14045&partnerID=40&md5=2b82939753e538a1ea5d01d4a274c5f7;Xavi;SI ;SI;Dendrochronology;Tree growth;Observed-predicted;
